{
    "cora": {
        "end_train_loss": 0.6555899977684021,
        "end_val_loss": 0.7188220024108887,
        "end_val_acc": 0.7940000295639038,
        "epochs_trained": 483,
        "restored_val_loss": 0.6849212050437927,
        "restored_val_acc": 0.8199999928474426,
        "restored_epoch_number": 383,
        "test_acc": 0.8289999961853027
    },
    "citeseer": {
        "end_train_loss": 0.7383830547332764,
        "end_val_loss": 0.9972553253173828,
        "end_val_acc": 0.7080000042915344,
        "epochs_trained": 497,
        "restored_val_loss": 0.9912203550338745,
        "restored_val_acc": 0.7179999947547913,
        "restored_epoch_number": 397,
        "test_acc": 0.7099999785423279
    },
    "pubmed": {
        "end_train_loss": 0.33118924498558044,
        "end_val_loss": 0.5617491006851196,
        "end_val_acc": 0.7799999713897705,
        "epochs_trained": 344,
        "restored_val_loss": 0.5478749871253967,
        "restored_val_acc": 0.7900000214576721,
        "restored_epoch_number": 244,
        "test_acc": 0.777999997138977
    },
    "corafull": {
        "end_train_loss": 3.754098415374756,
        "end_val_loss": 3.8194682598114014,
        "end_val_acc": 0.30799999833106995,
        "epochs_trained": 668,
        "restored_val_loss": 3.8152830600738525,
        "restored_val_acc": 0.30799999833106995,
        "restored_epoch_number": 568,
        "test_acc": 0.30799999833106995
    },
    "photo": {
        "end_train_loss": 0.9009437561035156,
        "end_val_loss": 0.960837721824646,
        "end_val_acc": 0.8519999980926514,
        "epochs_trained": 1073,
        "restored_val_loss": 0.951217532157898,
        "restored_val_acc": 0.8659999966621399,
        "restored_epoch_number": 973,
        "test_acc": 0.8659999966621399
    },
    "computers": {
        "end_train_loss": 1.3518890142440796,
        "end_val_loss": 1.5368937253952026,
        "end_val_acc": 0.5920000076293945,
        "epochs_trained": 657,
        "restored_val_loss": 1.4977939128875732,
        "restored_val_acc": 0.593999981880188,
        "restored_epoch_number": 557,
        "test_acc": 0.593999981880188
    },
    "compsci": {
        "end_train_loss": 0.7547771334648132,
        "end_val_loss": 0.6715419292449951,
        "end_val_acc": 0.9079999923706055,
        "epochs_trained": 875,
        "restored_val_loss": 0.6665180921554565,
        "restored_val_acc": 0.9079999923706055,
        "restored_epoch_number": 775,
        "test_acc": 0.9079999923706055
    },
    "physics": {
        "end_train_loss": 0.22093631327152252,
        "end_val_loss": 0.2711426317691803,
        "end_val_acc": 0.9139999747276306,
        "epochs_trained": 463,
        "restored_val_loss": 0.25733721256256104,
        "restored_val_acc": 0.921999990940094,
        "restored_epoch_number": 363,
        "test_acc": 0.921999990940094
    },
    "molhiv": {
        "end_train_loss": 0.0518525168299675,
        "end_val_loss": 0.0967162698507309,
        "end_val_acc": 0.6933880805408583,
        "epochs_trained": 32,
        "restored_val_loss": 0.09339409321546555,
        "restored_val_acc": 0.7238909709974525,
        "restored_epoch_number": 21,
        "test_acc": 0.6952104134880936
    }
}